iteration,step_time_s,action,rebalanced,rebalance_gain,execution_mode
0,0.001691112,compute,0,0.000000000,gpu_opencl
1,0.000421331,compute,0,0.000000000,gpu_opencl
2,0.000432091,compute,0,0.000000000,gpu_opencl
3,0.000416144,compute,0,0.000000000,gpu_opencl
4,0.000420869,compute,0,0.000000000,gpu_opencl
5,0.000416692,compute,0,0.000000000,gpu_opencl
6,0.000423835,compute,0,0.000000000,gpu_opencl
7,0.000419917,compute,0,0.000000000,gpu_opencl
8,0.000431754,compute,0,0.000000000,gpu_opencl
9,0.000416541,compute,0,0.000000000,gpu_opencl
10,0.007568949,rebalance,1,0.000000000,gpu_opencl
11,0.000429065,compute,0,0.000000000,gpu_opencl
12,0.000424065,compute,0,0.000000000,gpu_opencl
13,0.000421521,compute,0,0.000000000,gpu_opencl
14,0.000420599,compute,0,0.000000000,gpu_opencl
15,0.000425758,compute,0,0.000000000,gpu_opencl
16,0.000441378,compute,0,0.000000000,gpu_opencl
17,0.000426941,compute,0,0.000000000,gpu_opencl
18,0.000429064,compute,0,0.000000000,gpu_opencl
19,0.000433413,compute,0,0.000000000,gpu_opencl
20,0.007673230,rebalance,1,0.000001513,gpu_opencl
21,0.000433633,compute,0,0.000000000,gpu_opencl
22,0.000427191,compute,0,0.000000000,gpu_opencl
23,0.000425949,compute,0,0.000000000,gpu_opencl
24,0.000424155,compute,0,0.000000000,gpu_opencl
25,0.000426800,compute,0,0.000000000,gpu_opencl
26,0.000427301,compute,0,0.000000000,gpu_opencl
27,0.000426991,compute,0,0.000000000,gpu_opencl
28,0.000435116,compute,0,0.000000000,gpu_opencl
29,0.000425999,compute,0,0.000000000,gpu_opencl
30,0.020476069,rebalance,1,0.000005479,gpu_opencl
31,0.000427131,compute,0,0.000000000,gpu_opencl
32,0.000428243,compute,0,0.000000000,gpu_opencl
33,0.000427231,compute,0,0.000000000,gpu_opencl
34,0.000422602,compute,0,0.000000000,gpu_opencl
35,0.000431689,compute,0,0.000000000,gpu_opencl
36,0.000425698,compute,0,0.000000000,gpu_opencl
37,0.000422813,compute,0,0.000000000,gpu_opencl
38,0.000419877,compute,0,0.000000000,gpu_opencl
39,0.000425939,compute,0,0.000000000,gpu_opencl
40,0.008555149,rebalance,1,0.000001420,gpu_opencl
41,0.000479704,compute,0,0.000000000,gpu_opencl
42,0.000465903,compute,0,0.000000000,gpu_opencl
43,0.000479574,compute,0,0.000000000,gpu_opencl
44,0.000458110,compute,0,0.000000000,gpu_opencl
45,0.000461770,compute,0,0.000000000,gpu_opencl
46,0.000465117,compute,0,0.000000000,gpu_opencl
47,0.000465553,compute,0,0.000000000,gpu_opencl
48,0.000488140,compute,0,0.000000000,gpu_opencl
49,0.000457458,compute,0,0.000000000,gpu_opencl
50,0.050879935,rebalance,1,0.000046793,gpu_opencl
51,0.000659817,compute,0,0.000000000,gpu_opencl
52,0.000642805,compute,0,0.000000000,gpu_opencl
53,0.000644890,compute,0,0.000000000,gpu_opencl
54,0.000645581,compute,0,0.000000000,gpu_opencl
55,0.000641774,compute,0,0.000000000,gpu_opencl
56,0.000651873,compute,0,0.000000000,gpu_opencl
57,0.000642576,compute,0,0.000000000,gpu_opencl
58,0.000644108,compute,0,0.000000000,gpu_opencl
59,0.000642725,compute,0,0.000000000,gpu_opencl
60,0.092889556,rebalance,1,0.000239548,gpu_opencl
61,0.000425713,compute,0,0.000000000,gpu_opencl
62,0.000429129,compute,0,0.000000000,gpu_opencl
63,0.000428463,compute,0,0.000000000,gpu_opencl
64,0.000424621,compute,0,0.000000000,gpu_opencl
65,0.000425603,compute,0,0.000000000,gpu_opencl
66,0.000431894,compute,0,0.000000000,gpu_opencl
67,0.000419386,compute,0,0.000000000,gpu_opencl
68,0.000452483,compute,0,0.000000000,gpu_opencl
69,0.000420649,compute,0,0.000000000,gpu_opencl
70,0.022379319,rebalance,1,0.000004378,gpu_opencl
71,0.000442825,compute,0,0.000000000,gpu_opencl
72,0.000420278,compute,0,0.000000000,gpu_opencl
73,0.000421605,compute,0,0.000000000,gpu_opencl
74,0.000432341,compute,0,0.000000000,gpu_opencl
75,0.000434399,compute,0,0.000000000,gpu_opencl
76,0.000420789,compute,0,0.000000000,gpu_opencl
77,0.000438938,compute,0,0.000000000,gpu_opencl
78,0.000422231,compute,0,0.000000000,gpu_opencl
79,0.000431894,compute,0,0.000000000,gpu_opencl
80,0.030788087,rebalance,1,0.000009249,gpu_opencl
81,0.000423785,compute,0,0.000000000,gpu_opencl
82,0.000422002,compute,0,0.000000000,gpu_opencl
83,0.000418700,compute,0,0.000000000,gpu_opencl
84,0.000416631,compute,0,0.000000000,gpu_opencl
85,0.000416205,compute,0,0.000000000,gpu_opencl
86,0.000422443,compute,0,0.000000000,gpu_opencl
87,0.000421955,compute,0,0.000000000,gpu_opencl
88,0.000418515,compute,0,0.000000000,gpu_opencl
89,0.000416421,compute,0,0.000000000,gpu_opencl
90,0.008230605,rebalance,1,0.000001510,gpu_opencl
91,0.000755026,compute,0,0.000000000,gpu_opencl
92,0.000736151,compute,0,0.000000000,gpu_opencl
93,0.000731712,compute,0,0.000000000,gpu_opencl
94,0.000736742,compute,0,0.000000000,gpu_opencl
95,0.000739146,compute,0,0.000000000,gpu_opencl
96,0.000733084,compute,0,0.000000000,gpu_opencl
97,0.000742783,compute,0,0.000000000,gpu_opencl
98,0.000923572,compute,0,0.000000000,gpu_opencl
99,0.000740038,compute,0,0.000000000,gpu_opencl
